label,split,curve,optimizer_success,optimizer_cost,optimizer_nfev,L0,A,alpha,B,MAE,MSE,RMSE,MAPE
fit_cosine,fit,M:100M_gpt_D:20B_scheduler:cosine_rope,True,400.89657777742116,9,1.6875602625064456,2.322857910023487,0.3016796090519235,8.263756707871686e-17,0.07729682181485592,0.023646832676286377,0.15377526678983972,2.401840692655259
test_wsd,main_test,M:100M_gpt_D:20B_scheduler:wsd_rope,True,400.89657777742116,9,1.6875602625064456,2.322857910023487,0.3016796090519235,8.263756707871686e-17,0.1536404046462358,0.04110883522418978,0.20275313862968875,5.142741973786425
test_811,additional_test,M:100M_gpt_D:20B_scheduler:811_rope,True,400.89657777742116,9,1.6875602625064456,2.322857910023487,0.3016796090519235,8.263756707871686e-17,0.15082037185603,0.04010046428989983,0.20025100321821068,5.0377086169663094
