label,split,curve,lambda_decay,optimizer_success,optimizer_cost,optimizer_nfev,L0,A,alpha,C,MAE,MSE,RMSE,MAPE
fit_cosine,fit,M:100M_gpt_D:20B_scheduler:cosine_rope,0.99,True,400.89657784417574,8,1.6875171243726337,2.32291106891275,0.3016731489554666,3.2874161916985066e-10,0.0772986124947914,0.023646832680223905,0.15377526680264256,2.4019027492330034
test_wsd,main_test,M:100M_gpt_D:20B_scheduler:wsd_rope,0.99,True,400.89657784417574,8,1.6875171243726337,2.32291106891275,0.3016731489554666,3.2874161916985066e-10,0.15364384857023616,0.04110961340943093,0.2027550576667101,5.14286434889706
test_811,additional_test,M:100M_gpt_D:20B_scheduler:811_rope,0.99,True,400.89657784417574,8,1.6875171243726337,2.32291106891275,0.3016731489554666,3.2874161916985066e-10,0.150823760381161,0.040101182720408184,0.200252797035168,5.037829071063359
